1,長井,family_name,名字
2,久保,family_name,名字
3,竹田,family_name,名字
4,横井,family_name,名字
5,吉田,family_name,名字
6,葛西,family_name,名字
7,杉田,family_name,名字
8,小野,family_name,名字
9,武田,family_name,名字
10,竹田,family_name,名字
11,小田,family_name,名字
12,西尾,family_name,名字
13,黒田,family_name,名字
14,西口,family_name,名字
15,山本,family_name,名字
16,原田,family_name,名字
17,永田,family_name,名字
18,古田,family_name,名字
19,武井,family_name,名字
20,三谷,family_name,名字
21,正岡,family_name,名字
22,山岸,family_name,名字
23,林,family_name,名字:一般名詞
24,森,family_name,名字:一般名詞
25,石井,family_name,名字
26,松井,family_name,名字
27,松村,family_name,名字
28,村田,family_name,名字
29,小阪,family_name,名字:地名
30,小坂,family_name,名字
31,長坂,family_name,名字
32,鈴木,family_name,名字
33,佐藤,family_name,名字
34,東山,family_name,名字
35,榎本,family_name,名字
36,木村,family_name,名字
37,高田,family_name,名字
38,岡田,family_name,名字
39,福田,family_name,名字
40,福原,family_name,名字
41,矢島,family_name,名字
42,笠井,family_name,名字
43,樺山,family_name,名字
44,樺沢,family_name,名字
45,岡本,family_name,名字
46,矢野,family_name,名字
47,畑村,family_name,名字
48,片山,family_name,名字
49,浅田,family_name,名字
50,津田,family_name,名字
51,片岡,family_name,名字
52,浜田,family_name,名字
53,小野田,family_name,名字
54,小島,family_name,名字
55,児島,family_name,名字
56,児玉,family_name,名字
57,矢部,family_name,名字
58,阿部,family_name,名字
59,安倍,family_name,名字
60,島田,family_name,名字
61,石田,family_name,名字
62,沢村,family_name,名字
63,長岡,family_name,名字
64,堀田,family_name,名字
65,山口,family_name,名字:地名
66,竹内,family_name,名字
67,吉岡,family_name,名字
68,徳川,family_name,名字
69,佐野,family_name,名字
70,山中,family_name,名字
71,藤本,family_name,名字
72,前川,family_name,名字
73,前田,family_name,名字
74,桜井,family_name,名字
75,桜木,family_name,名字
76,水谷,family_name,名字
77,古河,family_name,名字
78,古川,family_name,名字
79,沼田,family_name,名字:地名
80,黒田,family_name,名字
81,笹田,family_name,名字
82,松尾,family_name,名字
83,園田,family_name,名字
84,松田,family_name,名字
85,北川,family_name,名字
86,進藤,family_name,名字
87,荒川,family_name,名字
88,平林,family_name,名字
89,中岡,family_name,名字
90,坂田,family_name,名字
91,坂本,family_name,名字
92,瀬崎,family_name,名字
93,正木,family_name,名字
94,村岡,family_name,名字
95,生田,family_name,名字
96,竹岡,family_name,名字
97,池上,family_name,名字
98,古俣,family_name,名字
99,篠田,family_name,名字
100,山崎,family_name,名字
101,宮田,family_name,名字
102,矢沢,family_name,名字
103,長城,family_name,名字
104,友原,family_name,名字
105,藤川,family_name,名字
106,松坂,family_name,名字
107,豊島,family_name,名字
108,吉野,family_name,名字
109,谷村,family_name,名字
110,曽根,family_name,名字
111,久保田,family_name,名字
112,三宮,family_name,名字
113,清川,family_name,名字
114,清河,family_name,名字
115,熊谷,family_name,名字:地名
116,山野,family_name,名字
117,星野,family_name,名字
118,秋野,family_name,名字
119,長谷川,family_name,名字
120,佐々木,family_name,名字
121,吉川,family_name,名字
122,森岡,family_name,名字
123,北,family_name,名字:一般名詞
124,原島,family_name,名字
125,内田,family_name,名字
126,森川,family_name,名字
127,永山,family_name,名字
128,山下,family_name,名字
129,沖田,family_name,名字
130,萩原,family_name,名字
131,川島,family_name,名字
132,熊田,family_name,名字
133,新川,family_name,名字
134,田口,family_name,名字
135,成田,family_name,名字:地名
136,大田,family_name,名字
137,太田,family_name,名字
138,加藤,family_name,名字
139,勝田,family_name,名字
140,塚原,family_name,名字
141,斎藤,family_name,名字
142,立川,family_name,名字:地名
143,熊崎,family_name,名字
144,兵藤,family_name,名字
145,田上,family_name,名字
146,植田,family_name,名字
147,戸田,family_name,名字
148,山田,family_name,名字
149,清水,family_name,名字:地名
150,安藤,family_name,名字
151,小林,family_name,名字
152,渡辺,family_name,名字
153,井上,family_name,名字
154,杉原,family_name,名字
155,栗原,family_name,名字
156,柿原,family_name,名字
157,田辺,family_name,名字
158,土井,family_name,名字
159,高橋,family_name,名字
160,後藤,family_name,名字
161,角谷,family_name,名字
162,高見,family_name,名字
163,神谷,family_name,名字
164,神原,family_name,名字
165,大谷,family_name,名字
166,持橋,family_name,名字
167,狩野,family_name,名字
168,加野,family_name,名字
169,林田,family_name,名字
170,森田,family_name,名字
171,大井,family_name,名字
172,真野,family_name,名字
173,長山,family_name,名字
174,藤田,family_name,名字
175,戸部,family_name,名字
176,大木,family_name,名字
177,岡,family_name,名字:一般名詞
178,長崎,family_name,名字
179,大江,family_name,名字
180,小出,family_name,名字
181,寺川,family_name,名字
182,綾部,family_name,名字
183,若原,family_name,名字
184,池田,family_name,名字
185,井口,family_name,名字
186,中尾,family_name,名字
187,中林,family_name,名字
188,福井,family_name,名字:地名
189,多田,family_name,名字
190,長尾,family_name,名字
191,黒橋,family_name,名字
192,田島,family_name,名字
193,田嶋,family_name,名字
194,広田,family_name,名字
195,渋谷,family_name,名字:地名
196,手塚,family_name,名字
197,飯島,family_name,名字
198,青山,family_name,名字
199,白木,family_name,名字
200,水島,family_name,名字
201,三島,family_name,名字:地名
202,佐伯,family_name,名字
203,倉見,family_name,名字
204,笠原,family_name,名字
205,山県,family_name,名字:地名
206,江口,family_name,名字
207,広瀬,family_name,名字
208,矢口,family_name,名字
209,坂上,family_name,名字
210,角田,family_name,名字
211,渡部,family_name,名字
212,丹羽,family_name,名字
213,上杉,family_name,名字
214,青木,family_name,名字
215,遠山,family_name,名字
216,赤井,family_name,名字
217,井野,family_name,名字
218,垣内,family_name,名字
219,中村,family_name,名字
220,田中,family_name,名字
221,杉渕,family_name,名字
222,長野,family_name,名字:地名
223,家田,family_name,名字
224,牧田,family_name,名字
225,寺田,family_name,名字
226,宇野,family_name,名字
227,坂井,family_name,名字
228,酒井,family_name,名字
229,竹崎,family_name,名字
230,篠崎,family_name,名字
231,大橋,family_name,名字
232,中島,family_name,名字
233,小川,family_name,名字
234,遠藤,family_name,名字
235,坂野,family_name,名字
236,近藤,family_name,名字
237,金子,family_name,名字
238,西村,family_name,名字
239,伊東,family_name,名字
240,伊藤,family_name,名字
241,松原,family_name,名字
242,徳田,family_name,名字
243,大浦,family_name,名字
244,田村,family_name,名字
245,宮崎,family_name,名字:地名
246,工藤,family_name,名字
247,大野,family_name,名字:地名
248,永井,family_name,名字
249,三浦,family_name,名字
250,松野,family_name,名字
251,杉山,family_name,名字
252,宮本,family_name,名字
253,野口,family_name,名字
254,河野,family_name,名字
255,谷口,family_name,名字
256,谷崎,family_name,名字
257,田宮,family_name,名字
258,市川,family_name,名字:地名
259,八島,family_name,名字
260,八嶋,family_name,名字
261,高井,family_name,名字
262,岩田,family_name,名字
263,白岩,family_name,名字
264,本田,family_name,名字
265,石橋,family_name,名字
266,石原,family_name,名字
267,岩本,family_name,名字
268,北村,family_name,名字
269,小野寺,family_name,名字
270,久松,family_name,名字
271,岡部,family_name,名字
272,石塚,family_name,名字
273,畠山,family_name,名字
274,徳永,family_name,名字
275,富田,family_name,名字
276,西岡,family_name,名字
277,村瀬,family_name,名字
278,米山,family_name,名字
279,桐島,family_name,名字
280,橋本,family_name,名字
281,相原,family_name,名字
282,今井,family_name,名字
283,倉田,family_name,名字
284,山岡,family_name,名字
285,堀口,family_name,名字
286,細川,family_name,名字
287,疋田,family_name,名字
288,片桐,family_name,名字
289,小泉,family_name,名字
290,浜野,family_name,名字
291,桜田,family_name,名字
292,秋田,family_name,名字:地名
293,川端,family_name,名字
294,三村,family_name,名字
295,柴田,family_name,名字
296,清野,family_name,名字
297,橋口,family_name,名字
298,高崎,family_name,名字:地名
299,松木,family_name,名字
300,門脇,family_name,名字
301,浅井,family_name,名字
302,今泉,family_name,名字
303,田川,family_name,名字
304,石川,family_name,名字
305,種田,family_name,名字
306,柴山,family_name,名字
307,山川,family_name,名字
308,飯沼,family_name,名字
309,塚本,family_name,名字
310,臼井,family_name,名字
311,前原,family_name,名字
312,前島,family_name,名字
313,日野,family_name,名字:地名
314,中川,family_name,名字
315,中西,family_name,名字
316,中山,family_name,名字
317,中野,family_name,名字:地名
318,内野,family_name,名字
319,藤堂,family_name,名字
320,成瀬,family_name,名字
321,窪田,family_name,名字
322,岩崎,family_name,名字
323,井戸田,family_name,名字
324,杉本,family_name,名字
325,山上,family_name,名字
326,水野,family_name,名字
327,飯田,family_name,名字:地名
328,小松,family_name,名字
329,川口,family_name,名字:地名
330,金谷,family_name,名字
331,土屋,family_name,名字
332,有田,family_name,名字
333,山内,family_name,名字
334,樋口,family_name,名字
335,川上,family_name,名字
336,浅野,family_name,名字
337,磯野,family_name,名字
338,稲葉,family_name,名字
339,伊嶋,family_name,名字
340,伊島,family_name,名字
341,井島,family_name,名字
342,川村,family_name,名字
343,河村,family_name,名字
344,松久,family_name,名字
345,柳田,family_name,名字
346,早川,family_name,名字
347,川北,family_name,名字
348,氷室,family_name,名字
349,小室,family_name,名字
350,秋山,family_name,名字
351,冬野,family_name,名字
352,和田,family_name,名字
353,関口,family_name,名字
354,上原,family_name,名字
355,田浦,family_name,名字
356,大山,family_name,名字
357,小西,family_name,名字
358,内山,family_name,名字
359,佐久間,family_name,名字
360,武藤,family_name,名字
361,小笠原,family_name,名字
362,稲垣,family_name,名字
363,若林,family_name,名字
364,岡野,family_name,名字
365,戸森,family_name,名字
366,稲森,family_name,名字
367,稲盛,family_name,名字
368,岡村,family_name,名字
369,村松,family_name,名字
370,岩井,family_name,名字
371,菊池,family_name,名字
372,菊地,family_name,名字
373,北野,family_name,名字
374,西野,family_name,名字
375,野崎,family_name,名字
376,仲原,family_name,名字
377,中原,family_name,名字
378,宮地,family_name,名字
379,滝川,family_name,名字
380,石黒,family_name,名字
381,館野,family_name,名字
382,泉,family_name,名字:一般名詞
383,谷川,family_name,名字:一般名詞
384,藤沢,family_name,名字
385,藤澤,family_name,名字
386,澤田,family_name,名字
387,澤村,family_name,名字
388,黒澤,family_name,名字
389,黒沢,family_name,名字
390,志村,family_name,名字
391,稲田,family_name,名字
392,溝口,family_name,名字
393,駒谷,family_name,名字
394,井出,family_name,名字
395,井手,family_name,名字
396,大村,family_name,名字
397,戸沼,family_name,名字
398,坪内,family_name,名字
399,中本,family_name,名字
400,赤城,family_name,名字
401,辻,family_name,名字
402,古谷,family_name,名字
403,古屋,family_name,名字
404,赤谷,family_name,名字
405,大沢,family_name,名字
406,朝倉,family_name,名字
407,朝原,family_name,名字
408,浅原,family_name,名字
409,水上,family_name,名字:地名:一般名詞
410,山根,family_name,名字
411,中根,family_name,名字
412,中沢,family_name,名字
413,中澤,family_name,名字
414,大澤,family_name,名字
415,小谷,family_name,名字
416,小山,family_name,名字:地名
417,牧野,family_name,名字
418,松沢,family_name,名字
419,松澤,family_name,名字
420,長瀬,family_name,名字
421,永瀬,family_name,名字
422,板倉,family_name,名字
423,板垣,family_name,名字
424,相川,family_name,名字
425,奥村,family_name,名字
426,奥田,family_name,名字
427,河島,family_name,名字
428,新井,family_name,名字
429,曽田,family_name,名字
430,中藤,family_name,名字
431,小早川,family_name,名字
432,深浦,family_name,名字:地名
433,川本,family_name,名字
434,若本,family_name,名字
435,屋代,family_name,名字
436,山村,family_name,名字
437,津村,family_name,名字
438,船渡,family_name,名字
439,船戸,family_name,名字
440,村山,family_name,名字
441,重野,family_name,名字
442,松下,family_name,名字
443,杉野,family_name,名字
444,結城,family_name,名字
445,鹿島,family_name,名字
446,大関,family_name,名字
447,本橋,family_name,名字
448,小幡,family_name,名字
449,小畑,family_name,名字
450,柳澤,family_name,名字
451,柳沢,family_name,名字
452,宮城,family_name,名字:地名
453,梅田,family_name,名字
454,梅村,family_name,名字
455,梅原,family_name,名字
456,田所,family_name,名字
457,末松,family_name,名字
458,渋澤,family_name,名字
459,渋沢,family_name,名字
460,天野,family_name,名字
461,米川,family_name,名字
462,米村,family_name,名字
463,富永,family_name,名字
464,重松,family_name,名字
465,梶原,family_name,名字
466,宮沢,family_name,名字
467,宮澤,family_name,名字
468,船橋,family_name,名字:地名
469,湯川,family_name,名字
470,牛島,family_name,名字
471,浜中,family_name,名字
472,濱中,family_name,名字
473,濱田,family_name,名字
474,赤塚,family_name,名字
475,新見,family_name,名字
476,日比野,family_name,名字
477,的場,family_name,名字
478,村中,family_name,名字
479,須田,family_name,名字
480,室井,family_name,名字
481,郷田,family_name,名字
482,篠塚,family_name,名字
483,栗本,family_name,名字
484,矢吹,family_name,名字
485,大矢,family_name,名字
486,松橋,family_name,名字
487,大石,family_name,名字
488,益田,family_name,名字
489,中道,family_name,名字
490,有村,family_name,名字
491,清原,family_name,名字
492,柿崎,family_name,名字
493,直江,family_name,名字
494,伊澤,family_name,名字
495,伊沢,family_name,名字
496,井沢,family_name,名字
497,神尾,family_name,名字
498,平沼,family_name,名字
499,平井,family_name,名字
500,新山,family_name,名字
501,黒瀬,family_name,名字
502,塩原,family_name,名字
503,岩見,family_name,名字
504,橋田,family_name,名字
505,小澤,family_name,名字
506,小沢,family_name,名字
507,町田,family_name,名字:地名
508,森屋,family_name,名字
509,守屋,family_name,名字
510,鶴岡,family_name,名字
511,岩木,family_name,名字
512,岩城,family_name,名字
513,池谷,family_name,名字
514,井原,family_name,名字
515,深津,family_name,名字
516,荒木,family_name,名字
517,安江,family_name,名字
518,須山,family_name,名字
519,上島,family_name,名字
520,青島,family_name,名字
521,関川,family_name,名字
522,山谷,family_name,名字
523,竹山,family_name,名字
524,安川,family_name,名字
525,島本,family_name,名字
526,川崎,family_name,名字:地名
527,小森,family_name,名字
528,上田,family_name,名字:地名
529,上下,other,一般名詞
530,大小,other,一般名詞
531,川柳,other,一般名詞
532,安価,other,一般名詞
533,荒業,other,一般名詞
534,田植,other,一般名詞
535,新作,other,一般名詞
536,小作,other,一般名詞
537,村落,other,一般名詞
538,岩塩,other,一般名詞
539,守備,other,一般名詞
540,勝利,other,一般名詞
541,山脈,other,一般名詞
542,深遠,other,一般名詞
543,当然,other,一般名詞
544,小勢,other,一般名詞
545,浅瀬,other,一般名詞
546,水面,other,一般名詞
547,水流,other,一般名詞
548,温泉,other,一般名詞
549,安全,other,一般名詞
550,相対,other,一般名詞
551,天才,other,一般名詞
552,末世,other,一般名詞
553,室温,other,一般名詞
554,吉兆,other,一般名詞
555,奥歯,other,一般名詞
556,青物,other,一般名詞
557,中庸,other,一般名詞
558,正直,other,一般名詞
559,島嶼,other,一般名詞
560,末端,other,一般名詞
561,石英,other,一般名詞
562,日没,other,一般名詞
563,掘削,other,一般名詞
564,田圃,other,一般名詞
565,大国,other,一般名詞
566,金銀,other,一般名詞
567,正月,other,一般名詞
568,黒点,other,一般名詞
569,結合,other,一般名詞
570,重複,other,一般名詞
571,青空,other,一般名詞
572,権原,other,一般名詞
573,船舶,other,一般名詞
574,水煙,other,一般名詞
575,橋梁,other,一般名詞
576,人口,other,一般名詞
577,本当,other,一般名詞
578,益虫,other,一般名詞
579,青虫,other,一般名詞
580,小職,other,一般名詞
581,歴然,other,一般名詞
582,若者,other,一般名詞
583,根菜,other,一般名詞
584,山山,other,文字列
585,日日,other,文字列
586,有事,other,一般名詞
587,大根,other,一般名詞
588,赤飯,other,一般名詞
589,前後,other,一般名詞
590,木炭,other,一般名詞
591,住宅,other,一般名詞
592,倉庫,other,一般名詞
593,水水,other,文字列
594,大大,other,文字列
595,戸数,other,一般名詞
596,人々,other,一般名詞
597,高所,other,一般名詞
598,新教,other,一般名詞
599,町角,other,一般名詞
600,直列,other,一般名詞
601,角度,other,一般名詞
602,屋号,other,一般名詞
603,的中,other,一般名詞
604,寺院,other,一般名詞
605,列島,other,一般名詞
606,坊津,other,地名
607,門出,other,一般名詞
608,後見,other,一般名詞
609,高校,other,一般名詞
610,林間,other,一般名詞
611,木材,other,一般名詞
612,広大,other,形容動詞語幹
613,森羅,other,一般名詞
614,米飯,other,一般名詞
615,豊穣,other,形容動詞語幹
616,白書,other,一般名詞
617,上底,other,一般名詞
618,西安,other,地名
619,原案,other,一般名詞
620,沖合,other,一般名詞
621,川魚,other,一般名詞
622,相伴,other,一般名詞
623,生物,other,一般名詞
624,有能,other,一般名詞
625,三時,other,数詞
626,狩人,other,一般名詞
627,国体,other,一般名詞
628,大会,other,一般名詞
629,北極,other,一般名詞
630,富豪,other,一般名詞
631,水稲,other,一般名詞
